Variable,Season,2070,2071,2072,2073,2074,2075,2076,2077,2078,2079,2080,2081,2082,2083,2084,2085,2086,2087,2088,2089,2090,2091,2092,2093,2094,2095,2096,2097,2098,2099
TMAX,year,6.089,7.186,7.427,7.286,5.818,6.583,5.963,7.349,8.318,8.482,7.722,7.925,7.039,7.313,7.273,6.891,8.044,7.058,7.815,8.322,7.322,8.133,8.403,8.231,8.460,8.933,8.320,8.406,7.922,6.332
TMAX,MAMJJASO,10.503,11.155,11.217,11.133,10.730,10.858,10.074,11.246,11.667,12.054,11.435,11.210,10.673,11.406,11.355,11.322,12.051,10.667,11.798,11.725,11.362,12.825,12.391,12.196,12.042,12.544,12.525,11.970,12.215,11.736
TMAX,AMJJAS,13.179,13.449,13.537,13.591,12.719,12.881,12.218,14.082,13.838,14.117,13.664,13.968,12.961,14.025,13.434,13.536,14.716,12.988,14.238,13.705,13.751,16.003,14.947,14.595,14.201,15.603,14.379,14.515,15.021,14.170
TMAX,ONDJFM,-1.702,-0.660,1.545,0.366,0.024,-0.554,-0.301,0.966,2.319,2.567,1.669,2.872,1.460,-0.544,1.745,0.250,1.183,1.305,0.605,2.199,1.595,2.011,0.105,1.648,2.251,1.794,3.026,2.463,1.485,-0.410
TMAX,NDJF,-2.289,-3.113,0.192,-1.253,-2.075,-3.784,-2.153,-0.573,1.006,1.029,-0.232,1.809,0.758,-2.570,0.657,-2.254,-0.975,0.146,-1.109,0.807,0.021,0.035,-1.915,0.187,1.107,0.530,1.164,1.144,-0.303,-2.536
TMIN,year,-1.557,-0.124,0.197,0.349,-1.582,-0.778,-1.160,0.094,1.129,1.413,0.553,0.542,-0.314,-0.211,-0.093,-0.775,0.498,0.213,0.596,1.484,-0.050,0.572,0.622,0.772,0.980,1.377,0.817,0.759,0.501,-1.539
TMIN,MAMJJASO,2.558,3.356,3.696,3.452,3.053,3.132,2.640,3.308,3.717,4.091,3.677,3.135,2.553,3.222,3.470,2.992,3.580,3.245,3.998,4.163,3.365,4.461,3.988,4.216,3.705,4.043,4.296,3.463,3.942,3.311
TMIN,AMJJAS,4.789,4.782,5.509,5.562,4.606,4.488,4.389,5.625,5.172,5.567,5.216,5.199,4.403,5.284,4.874,4.669,5.625,5.281,5.764,5.598,5.501,7.008,6.077,6.028,5.688,6.681,5.800,5.394,6.162,5.353
TMIN,ONDJFM,-9.400,-6.972,-4.613,-6.012,-5.897,-7.286,-6.911,-4.519,-3.692,-3.048,-4.270,-2.907,-4.870,-6.910,-4.074,-6.358,-5.197,-4.506,-5.188,-4.060,-4.214,-4.244,-6.249,-4.837,-4.180,-4.674,-3.043,-3.707,-4.735,-6.835
TMIN,NDJF,-9.845,-9.815,-6.234,-7.477,-8.016,-10.813,-8.689,-5.869,-5.039,-4.355,-6.149,-4.057,-5.193,-8.875,-5.108,-8.654,-7.384,-5.203,-6.889,-5.351,-5.251,-6.069,-8.317,-5.975,-5.010,-5.139,-4.692,-4.587,-6.477,-8.497
TAVG,year,2.153,3.441,3.687,3.688,1.984,2.744,2.255,3.613,4.589,4.800,3.953,4.112,3.209,3.418,3.405,2.913,4.164,3.469,4.049,4.716,3.517,4.253,4.352,4.366,4.582,4.989,4.407,4.449,4.027,2.228
TAVG,MAMJJASO,6.308,7.066,7.238,7.061,6.638,6.727,6.107,7.065,7.461,7.830,7.250,6.958,6.350,7.078,7.109,6.872,7.610,6.659,7.639,7.634,7.127,8.416,7.919,7.956,7.586,8.038,8.141,7.469,7.791,7.220
TAVG,AMJJAS,8.725,8.896,9.261,9.300,8.398,8.363,7.995,9.587,9.232,9.565,9.117,9.342,8.370,9.352,8.777,8.760,9.933,8.785,9.702,9.277,9.315,11.237,10.229,10.037,9.607,10.857,9.813,9.660,10.274,9.407
TAVG,ONDJFM,-5.526,-3.773,-1.513,-2.790,-2.924,-3.912,-3.613,-1.743,-0.658,-0.237,-1.356,-0.060,-1.672,-3.689,-1.167,-2.990,-1.986,-1.593,-2.278,-0.927,-1.299,-1.005,-3.081,-1.620,-0.876,-1.476,-0.063,-0.625,-1.646,-3.633
TAVG,NDJF,-6.004,-6.336,-2.929,-4.279,-4.964,-7.176,-5.390,-3.153,-1.914,-1.601,-3.152,-1.094,-2.123,-5.625,-2.167,-5.334,-4.072,-2.462,-3.896,-2.189,-2.578,-2.812,-5.041,-2.818,-1.771,-2.270,-1.722,-1.642,-3.340,-5.442
RH,year,78.679,78.130,78.659,78.975,79.003,78.057,78.605,78.355,78.002,77.910,78.920,78.419,78.750,78.461,79.152,79.124,78.471,80.920,80.812,81.548,80.595,79.988,79.271,78.427,78.443,78.370,78.384,77.920,78.256,78.414
RH,MAMJJASO,76.566,74.482,76.065,75.976,76.324,75.624,75.792,75.022,74.795,73.948,76.071,74.800,75.574,74.368,75.952,75.623,74.477,78.474,78.060,78.768,78.362,76.877,76.084,75.109,75.284,74.833,74.792,74.444,74.803,75.846
RH,AMJJAS,74.931,71.993,74.743,74.973,75.041,73.578,74.703,73.255,72.364,72.288,73.439,72.714,74.304,72.454,74.099,74.160,72.984,77.647,76.078,77.951,76.902,75.891,74.443,73.365,73.786,73.136,73.269,72.386,72.872,74.058
RH,ONDJFM,80.396,83.398,83.452,82.406,83.488,82.677,81.768,84.072,83.481,83.264,83.912,84.298,83.119,84.348,84.460,83.486,84.069,84.629,85.474,84.355,85.009,84.766,84.028,83.456,82.960,83.202,84.199,83.411,83.803,83.285
RH,NDJF,82.231,83.862,84.763,84.738,84.832,83.384,83.120,86.035,84.543,85.262,84.587,85.340,85.573,86.110,86.496,85.584,86.395,86.776,86.339,86.348,86.442,86.226,85.615,85.469,84.410,85.781,85.745,85.115,85.325,84.484
RHmin,year,61.441,62.281,62.602,63.504,62.149,61.616,62.476,62.484,62.396,62.461,62.774,62.342,62.322,61.966,62.466,62.034,62.168,64.920,64.292,65.571,63.839,63.220,61.956,62.011,62.045,61.966,61.822,61.444,61.783,60.700
RHmin,MAMJJASO,59.444,58.662,60.207,59.710,59.731,59.113,59.774,58.597,58.503,57.621,59.421,58.297,58.346,57.599,59.108,57.987,57.284,61.706,61.112,61.816,60.871,59.196,58.341,58.482,57.661,57.505,57.749,57.124,57.504,57.884
RHmin,AMJJAS,57.475,55.263,58.387,58.456,58.079,56.267,58.131,56.403,55.379,55.410,56.227,55.693,56.669,55.147,56.379,55.896,55.211,60.637,58.440,60.109,59.179,57.448,56.431,56.223,56.235,55.663,56.092,54.589,55.154,55.857
RHmin,ONDJFM,61.935,67.592,68.145,66.829,68.647,66.057,65.670,70.383,68.605,69.298,68.804,69.519,67.641,68.356,69.733,67.322,68.224,70.070,70.509,68.674,70.500,69.626,68.047,67.415,67.718,67.439,68.958,68.203,68.103,67.237
RHmin,NDJF,63.539,67.137,68.774,68.975,69.689,66.100,66.710,72.347,69.565,71.430,69.507,70.307,70.562,69.917,71.572,69.301,70.027,72.990,71.449,70.591,72.659,71.221,69.292,69.961,69.678,71.188,70.658,70.644,69.476,69.203
PREC,year,973.821,1096.349,1230.424,992.124,1095.288,1039.634,1075.622,1197.572,1181.434,1230.333,1010.178,1136.239,999.201,1044.162,1102.093,873.955,1097.482,1119.763,1182.718,1326.967,1097.466,976.840,1057.509,1138.740,1118.971,1153.922,1183.531,1152.606,1088.028,884.347
PREC,MAMJJASO,652.110,747.836,837.816,688.903,813.547,709.710,759.142,805.885,710.273,758.565,643.907,678.615,617.199,698.428,743.107,602.376,745.411,755.012,770.099,828.426,746.937,649.632,708.108,733.356,696.490,671.830,767.704,705.861,732.925,716.452
PREC,AMJJAS,472.652,556.917,553.001,464.940,604.289,495.490,522.860,627.446,508.408,497.996,482.870,513.492,422.147,478.971,493.539,440.686,513.219,539.833,555.169,557.707,548.162,477.349,545.223,569.281,547.842,484.583,596.455,452.729,584.719,506.518
PREC,ONDJFM,228.437,487.977,595.269,583.925,536.008,468.071,570.122,630.034,677.399,725.923,513.923,617.374,620.420,519.487,657.423,398.467,636.327,565.670,567.279,661.356,651.168,650.773,424.746,487.832,605.423,538.518,746.287,661.147,573.786,422.060
PREC,NDJF,159.111,275.587,424.944,337.100,281.200,258.888,367.922,384.527,480.351,476.346,315.415,438.059,476.268,289.813,449.900,223.580,384.806,364.005,335.316,445.976,430.619,419.372,249.663,353.969,451.597,391.900,522.079,470.198,347.597,264.094
SRAD,year,2856.018,3073.369,2700.074,2804.016,2911.634,2836.305,2798.285,2979.168,3057.295,2984.183,3010.134,3039.021,3057.593,3088.669,3029.712,3017.377,3192.776,2806.074,2985.508,2868.770,2974.546,3091.684,3133.956,3069.192,3062.426,3138.127,3076.842,3238.763,3097.108,2972.696
SRAD,MAMJJASO,2710.650,2942.512,2565.309,2687.324,2782.554,2699.282,2659.680,2860.178,2919.709,2862.164,2866.307,2903.432,2923.621,2956.321,2887.669,2888.350,3067.382,2679.291,2846.925,2744.019,2827.330,2959.925,2987.126,2921.828,2916.964,2995.369,2938.490,3098.902,2965.800,2843.159
SRAD,AMJJAS,2430.916,2681.257,2299.672,2381.877,2496.494,2434.779,2387.856,2584.661,2632.391,2567.228,2594.936,2617.427,2597.620,2645.517,2598.259,2555.221,2733.125,2373.238,2577.176,2455.044,2504.735,2641.106,2651.367,2603.791,2570.629,2677.842,2591.441,2771.286,2643.588,2542.766
SRAD,ONDJFM,284.831,411.112,397.096,426.705,389.252,408.975,437.279,368.280,419.540,424.630,416.344,412.446,469.347,432.072,437.284,478.059,450.123,424.101,415.704,443.414,435.413,450.056,470.831,470.716,487.192,480.298,449.172,487.071,448.288,437.161
SRAD,NDJF,96.776,138.526,133.351,122.407,128.431,132.631,140.115,108.919,143.514,125.345,143.854,135.091,139.223,127.690,134.323,139.376,131.971,114.258,143.705,133.747,127.077,141.210,148.166,136.333,151.447,138.861,133.069,146.417,140.369,121.833
WIND,year,2.196,2.467,2.503,2.342,2.226,2.429,2.388,2.342,2.480,2.594,2.413,2.429,2.466,2.345,2.376,2.149,2.422,2.287,2.302,2.382,2.213,2.235,2.256,2.325,2.453,2.377,2.494,2.415,2.360,2.309
WIND,MAMJJASO,2.145,2.572,2.454,2.304,2.324,2.484,2.474,2.302,2.341,2.602,2.442,2.373,2.345,2.442,2.411,2.228,2.461,2.275,2.269,2.358,2.165,2.268,2.297,2.388,2.450,2.278,2.567,2.329,2.394,2.429
WIND,AMJJAS,2.165,2.577,2.364,2.284,2.265,2.439,2.387,2.350,2.375,2.458,2.540,2.405,2.328,2.403,2.298,2.244,2.404,2.268,2.292,2.286,2.237,2.254,2.336,2.427,2.552,2.352,2.603,2.230,2.409,2.422
WIND,ONDJFM,2.286,2.269,2.469,2.577,2.234,2.225,2.447,2.448,2.606,2.721,2.237,2.520,2.629,2.279,2.542,2.095,2.394,2.276,2.194,2.534,2.121,2.369,2.130,2.112,2.401,2.293,2.488,2.532,2.414,2.166
WIND,NDJF,2.380,2.192,2.530,2.496,2.141,2.042,2.474,2.312,2.802,2.636,2.201,2.617,2.782,2.158,2.480,1.983,2.281,2.257,2.168,2.651,2.076,2.424,2.046,2.093,2.577,2.321,2.592,2.536,2.313,2.171
VPD,year,0.202,0.243,0.231,0.221,0.203,0.224,0.204,0.233,0.247,0.250,0.226,0.245,0.214,0.240,0.224,0.216,0.247,0.191,0.212,0.198,0.200,0.231,0.235,0.240,0.237,0.259,0.244,0.254,0.245,0.218
VPD,MAMJJASO,0.265,0.326,0.303,0.290,0.274,0.296,0.270,0.310,0.321,0.330,0.296,0.322,0.279,0.326,0.298,0.291,0.332,0.247,0.279,0.258,0.259,0.312,0.312,0.318,0.311,0.343,0.326,0.334,0.328,0.294
VPD,AMJJAS,0.315,0.390,0.357,0.340,0.317,0.349,0.313,0.372,0.383,0.384,0.355,0.388,0.327,0.390,0.350,0.342,0.394,0.287,0.335,0.296,0.310,0.372,0.370,0.376,0.364,0.418,0.378,0.402,0.394,0.350
VPD,ONDJFM,0.092,0.090,0.101,0.101,0.092,0.094,0.096,0.096,0.107,0.116,0.101,0.105,0.104,0.084,0.098,0.095,0.099,0.093,0.084,0.101,0.090,0.097,0.091,0.102,0.106,0.103,0.108,0.106,0.100,0.088
VPD,NDJF,0.080,0.071,0.083,0.078,0.072,0.067,0.078,0.073,0.091,0.091,0.082,0.093,0.085,0.063,0.078,0.067,0.070,0.076,0.069,0.080,0.074,0.077,0.069,0.080,0.090,0.081,0.083,0.089,0.079,0.069
FWI_FD,year,0.885,1.307,1.154,0.911,0.631,1.039,0.745,0.967,1.200,1.280,1.284,1.591,0.909,1.430,1.012,1.017,1.422,0.582,0.790,0.652,0.648,1.019,0.875,0.979,0.908,1.228,1.018,1.128,0.985,0.783
FWI_FD,MAMJJASO,1.264,1.908,1.659,1.283,0.899,1.493,1.059,1.395,1.712,1.868,1.864,2.318,1.287,2.097,1.465,1.478,2.066,0.821,1.145,0.897,0.908,1.477,1.251,1.422,1.308,1.776,1.482,1.629,1.394,1.115
FWI_FD,AMJJAS,1.656,2.461,2.139,1.654,1.109,1.885,1.278,1.813,2.198,2.358,2.427,2.999,1.628,2.699,1.893,1.889,2.646,1.037,1.487,1.076,1.169,1.907,1.562,1.823,1.667,2.330,1.846,2.139,1.787,1.396
FWI_FD,ONDJFM,0.123,0.120,0.144,0.181,0.134,0.184,0.177,0.201,0.116,0.233,0.173,0.137,0.215,0.122,0.167,0.171,0.159,0.132,0.101,0.119,0.225,0.105,0.191,0.147,0.125,0.151,0.136,0.165,0.138,0.150
FWI_FD,NDJF,0.135,0.102,0.075,0.139,0.131,0.107,0.111,0.104,0.110,0.119,0.110,0.122,0.098,0.105,0.074,0.107,0.067,0.104,0.082,0.076,0.169,0.090,0.124,0.086,0.083,0.099,0.077,0.113,0.123,0.123
FWI_3+,year,6.537,20.987,18.708,8.296,6.206,14.381,7.702,14.054,18.352,18.984,18.073,28.729,8.985,22.575,14.370,11.766,22.441,5.184,5.784,4.054,4.311,10.378,6.707,12.280,10.341,18.355,10.831,15.138,12.165,6.149
FWI_3+,MAMJJASO,6.460,20.901,18.696,8.165,6.179,14.355,7.679,13.939,18.338,18.950,18.044,28.607,8.974,22.572,14.330,11.686,22.363,5.181,5.770,3.984,4.284,10.374,6.593,12.254,10.328,18.310,10.829,15.086,11.963,6.082
FWI_3+,AMJJAS,6.459,20.780,18.693,8.157,6.178,14.141,7.316,13.937,18.031,18.893,18.032,28.555,8.941,22.569,14.317,11.684,22.363,5.179,5.767,3.700,4.265,10.374,6.587,12.249,10.310,18.310,10.822,15.084,11.953,6.035
FWI_3+,ONDJFM,0.059,0.118,0.115,0.085,0.090,0.036,0.221,0.476,0.024,0.328,0.104,0.132,0.079,0.020,0.045,0.090,0.050,0.031,0.018,0.012,0.388,0.004,0.119,0.025,0.022,0.059,0.013,0.052,0.190,0.091
FWI_3+,NDJF,0.058,0.106,0.004,0.081,0.082,0.013,0.028,0.112,0.022,0.015,0.044,0.129,0.009,0.004,0.041,0.079,0.049,0.031,0.014,0.011,0.087,0.003,0.114,0.024,0.016,0.041,0.007,0.049,0.187,0.085
FWI_4+,year,0.103,2.117,1.474,0.664,0.589,1.517,0.532,0.705,1.365,1.008,1.841,8.917,0.575,2.689,0.698,0.206,0.858,0.139,0.173,0.063,0.175,0.834,0.420,0.390,0.848,1.113,0.899,2.301,0.372,0.105
FWI_4+,MAMJJASO,0.101,2.116,1.474,0.660,0.576,1.516,0.525,0.678,1.365,1.006,1.837,8.839,0.574,2.689,0.696,0.204,0.850,0.137,0.171,0.055,0.174,0.834,0.403,0.390,0.848,1.110,0.898,2.297,0.346,0.098
FWI_4+,AMJJAS,0.101,2.111,1.474,0.660,0.576,1.512,0.479,0.678,1.339,1.005,1.836,8.838,0.564,2.689,0.696,0.203,0.850,0.136,0.169,0.038,0.162,0.834,0.403,0.389,0.848,1.110,0.898,2.296,0.345,0.097
FWI_4+,ONDJFM,0.002,0.002,0.004,0.001,0.016,0.001,0.007,0.069,0.008,0.027,0.005,0.081,0.011,0.001,0.003,0.003,0.004,0.004,0.006,0.000,0.038,0.000,0.018,0.000,0.001,0.002,0.002,0.004,0.025,0.010
FWI_4+,NDJF,0.002,0.001,0.000,0.001,0.016,0.001,0.004,0.023,0.008,0.001,0.004,0.080,0.001,0.000,0.002,0.002,0.004,0.004,0.004,0.000,0.008,0.000,0.018,0.000,0.000,0.002,0.002,0.004,0.024,0.010
FWI_5+,year,0.002,0.061,0.050,0.041,0.030,0.068,0.034,0.039,0.109,0.044,0.173,0.600,0.022,0.053,0.008,0.007,0.033,0.004,0.006,0.004,0.012,0.022,0.022,0.016,0.003,0.008,0.043,0.271,0.003,0.005
FWI_5+,MAMJJASO,0.002,0.061,0.050,0.041,0.022,0.068,0.028,0.032,0.109,0.044,0.173,0.597,0.021,0.053,0.007,0.007,0.030,0.003,0.006,0.001,0.012,0.022,0.022,0.016,0.003,0.008,0.043,0.270,0.002,0.005
FWI_5+,AMJJAS,0.002,0.060,0.050,0.041,0.022,0.068,0.021,0.032,0.109,0.044,0.173,0.596,0.015,0.053,0.007,0.006,0.030,0.003,0.004,0.001,0.001,0.022,0.022,0.016,0.003,0.008,0.043,0.270,0.002,0.005
FWI_5+,ONDJFM,0.000,0.001,0.001,0.000,0.008,0.000,0.003,0.012,0.005,0.000,0.000,0.003,0.007,0.000,0.001,0.001,0.000,0.003,0.003,0.000,0.014,0.000,0.000,0.000,0.000,0.000,0.000,0.001,0.000,0.002
FWI_5+,NDJF,0.000,0.000,0.000,0.000,0.008,0.000,0.003,0.004,0.005,0.000,0.000,0.003,0.001,0.000,0.001,0.000,0.000,0.003,0.002,0.000,0.003,0.000,0.000,0.000,0.000,0.000,0.000,0.001,0.000,0.001
FWI_6,year,0.000,0.003,0.003,0.006,0.009,0.006,0.012,0.016,0.031,0.001,0.017,0.047,0.007,0.004,0.003,0.004,0.007,0.002,0.004,0.002,0.009,0.005,0.005,0.002,0.000,0.000,0.003,0.048,0.000,0.000
FWI_6,MAMJJASO,0.000,0.003,0.003,0.006,0.002,0.006,0.007,0.013,0.031,0.001,0.017,0.047,0.007,0.004,0.003,0.004,0.005,0.001,0.004,0.001,0.009,0.005,0.005,0.002,0.000,0.000,0.003,0.048,0.000,0.000
FWI_6,AMJJAS,0.000,0.002,0.003,0.006,0.002,0.006,0.004,0.013,0.031,0.001,0.017,0.047,0.002,0.004,0.003,0.003,0.005,0.001,0.003,0.001,0.000,0.005,0.005,0.002,0.000,0.000,0.003,0.048,0.000,0.000
FWI_6,ONDJFM,0.000,0.000,0.000,0.000,0.007,0.000,0.003,0.005,0.004,0.000,0.000,0.000,0.005,0.000,0.001,0.001,0.000,0.002,0.002,0.000,0.011,0.000,0.000,0.000,0.000,0.000,0.000,0.000,0.000,0.001
FWI_6,NDJF,0.000,0.000,0.000,0.000,0.007,0.000,0.003,0.002,0.004,0.000,0.000,0.000,0.000,0.000,0.001,0.000,0.000,0.002,0.001,0.000,0.001,0.000,0.000,0.000,0.000,0.000,0.000,0.000,0.000,0.001
DFM10H,year,26.607,26.056,26.346,26.110,27.738,26.418,26.946,27.265,24.586,24.602,24.886,25.515,25.333,25.848,26.450,26.308,25.237,26.376,25.911,26.289,26.430,25.615,25.040,25.608,25.432,26.049,25.401,25.537,25.677,26.032
DFM10H,MAMJJASO,23.270,22.529,23.385,23.296,24.688,23.202,23.886,24.324,22.001,20.965,21.402,22.315,22.116,22.286,23.619,22.553,21.718,23.497,22.854,23.694,23.594,21.850,21.604,21.969,22.442,23.022,21.768,22.226,22.365,22.334
DFM10H,AMJJAS,21.097,20.477,21.329,20.989,23.345,21.208,21.920,22.572,20.112,19.453,19.555,20.523,20.294,19.966,21.655,20.277,20.259,21.874,20.898,22.177,21.625,19.709,20.138,20.179,20.719,20.502,20.513,20.162,20.285,20.155
DFM10H,ONDJFM,34.155,32.214,31.495,31.636,31.419,32.107,31.763,31.677,30.479,29.172,30.297,29.288,31.039,31.957,31.303,31.433,31.256,30.549,31.480,30.362,31.048,30.880,31.282,30.371,30.482,31.157,30.800,30.252,31.445,31.566
DFM10H,NDJF,33.801,33.890,33.124,32.469,31.907,34.022,32.951,32.743,31.952,30.669,32.100,30.848,32.854,33.019,32.702,32.362,33.721,32.043,32.582,31.964,31.821,32.199,33.433,32.219,31.961,32.296,32.265,32.120,32.879,32.835
DFM10H_u10,year,17.842,32.865,26.222,22.672,16.717,20.298,17.210,23.344,30.333,32.064,27.176,37.860,26.380,31.091,25.781,23.692,32.223,15.962,20.618,17.705,18.165,19.132,23.406,24.801,23.497,30.295,27.850,31.270,24.531,21.017
DFM10H_u10,MAMJJASO,17.760,32.806,26.152,22.150,16.674,20.254,17.181,23.137,30.078,32.026,26.853,37.639,25.961,31.063,25.496,23.662,31.916,15.701,20.392,17.561,17.985,19.034,23.159,24.787,23.072,30.195,27.778,31.181,24.462,21.000
DFM10H_u10,AMJJAS,17.723,32.624,25.202,22.007,16.342,19.975,16.984,23.078,29.274,30.426,26.322,36.124,24.589,30.654,24.826,23.312,29.086,14.963,20.343,16.006,17.680,18.387,22.305,24.228,22.390,30.117,25.515,30.698,23.993,20.956
DFM10H_u10,ONDJFM,0.086,0.238,0.488,0.701,0.575,0.338,0.349,0.227,0.682,1.874,1.095,1.437,2.106,0.252,0.836,0.724,3.088,1.079,0.235,1.768,0.468,0.758,0.804,0.857,0.803,0.483,2.210,0.723,0.483,0.084
DFM10H_u10,NDJF,0.070,0.036,0.056,0.066,0.526,0.023,0.068,0.022,0.346,0.121,0.327,0.219,0.360,0.084,0.084,0.238,0.256,0.276,0.217,0.182,0.167,0.107,0.050,0.216,0.334,0.175,0.040,0.146,0.026,0.056
DFM10H_u8,year,3.157,8.693,5.305,5.471,4.456,5.474,4.328,7.843,9.914,7.988,5.572,12.610,6.845,7.422,5.644,4.362,6.400,3.421,3.232,4.382,3.031,3.030,3.948,4.932,4.518,8.503,7.092,9.921,5.445,3.097
DFM10H_u8,MAMJJASO,3.155,8.684,5.301,5.345,4.453,5.473,4.320,7.837,9.907,7.984,5.497,12.598,6.752,7.419,5.617,4.361,6.362,3.405,3.213,4.365,2.984,3.010,3.935,4.932,4.510,8.491,7.073,9.900,5.441,3.097
DFM10H_u8,AMJJAS,3.155,8.679,5.216,5.326,4.423,5.465,4.309,7.827,9.834,7.718,5.468,12.257,6.692,7.414,5.423,4.307,5.997,3.190,3.212,4.112,2.966,2.949,3.928,4.924,4.505,8.477,6.935,9.872,5.401,3.097
DFM10H_u8,ONDJFM,0.003,0.010,0.067,0.048,0.129,0.028,0.018,0.017,0.053,0.239,0.165,0.333,0.160,0.027,0.191,0.076,0.407,0.235,0.023,0.270,0.065,0.082,0.010,0.019,0.013,0.026,0.136,0.070,0.043,0.002
DFM10H_u8,NDJF,0.002,0.006,0.005,0.006,0.126,0.001,0.009,0.004,0.007,0.003,0.079,0.011,0.074,0.023,0.005,0.023,0.032,0.019,0.021,0.017,0.047,0.021,0.004,0.010,0.009,0.012,0.000,0.039,0.002,0.001
DFM10H_u6,year,0.111,0.216,0.415,0.264,0.231,0.260,0.701,0.558,1.183,0.361,0.401,0.828,0.171,0.193,0.172,0.133,0.266,0.057,0.043,0.197,0.103,0.074,0.092,0.330,0.066,0.650,0.258,0.836,0.048,0.017
DFM10H_u6,MAMJJASO,0.111,0.215,0.415,0.262,0.231,0.260,0.695,0.558,1.183,0.359,0.388,0.828,0.168,0.193,0.171,0.133,0.266,0.057,0.042,0.197,0.095,0.072,0.090,0.330,0.066,0.646,0.252,0.823,0.048,0.017
DFM10H_u6,AMJJAS,0.111,0.215,0.400,0.260,0.231,0.260,0.695,0.558,1.183,0.351,0.388,0.813,0.168,0.193,0.169,0.129,0.256,0.050,0.042,0.190,0.095,0.072,0.090,0.330,0.066,0.646,0.249,0.823,0.048,0.017
DFM10H_u6,ONDJFM,0.000,0.001,0.015,0.003,0.001,0.000,0.005,0.000,0.000,0.000,0.023,0.015,0.002,0.000,0.003,0.003,0.010,0.007,0.001,0.007,0.009,0.002,0.002,0.000,0.000,0.004,0.004,0.019,0.000,0.000
DFM10H_u6,NDJF,0.000,0.001,0.000,0.001,0.001,0.000,0.005,0.000,0.000,0.000,0.015,0.000,0.002,0.000,0.001,0.000,0.000,0.000,0.001,0.000,0.009,0.002,0.002,0.000,0.000,0.004,0.000,0.019,0.000,0.000
DFM10H_u4,year,0.000,0.000,0.000,0.023,0.006,0.012,0.009,0.002,0.017,0.012,0.006,0.005,0.001,0.000,0.000,0.000,0.004,0.000,0.000,0.000,0.011,0.000,0.001,0.000,0.000,0.012,0.024,0.009,0.001,0.000
DFM10H_u4,MAMJJASO,0.000,0.000,0.000,0.022,0.006,0.012,0.004,0.002,0.017,0.010,0.002,0.005,0.001,0.000,0.000,0.000,0.004,0.000,0.000,0.000,0.004,0.000,0.000,0.000,0.000,0.010,0.021,0.001,0.001,0.000
DFM10H_u4,AMJJAS,0.000,0.000,0.000,0.022,0.006,0.012,0.004,0.002,0.017,0.010,0.002,0.005,0.001,0.000,0.000,0.000,0.004,0.000,0.000,0.000,0.004,0.000,0.000,0.000,0.000,0.010,0.021,0.001,0.001,0.000
DFM10H_u4,ONDJFM,0.000,0.000,0.000,0.001,0.000,0.000,0.005,0.000,0.000,0.000,0.005,0.000,0.000,0.000,0.000,0.000,0.000,0.000,0.000,0.000,0.008,0.000,0.001,0.000,0.000,0.002,0.000,0.011,0.000,0.000
DFM10H_u4,NDJF,0.000,0.000,0.000,0.001,0.000,0.000,0.005,0.000,0.000,0.000,0.005,0.000,0.000,0.000,0.000,0.000,0.000,0.000,0.000,0.000,0.008,0.000,0.001,0.000,0.000,0.002,0.000,0.011,0.000,0.000
DFM10H_u2,year,0.000,0.000,0.000,0.001,0.000,0.002,0.004,0.000,0.000,0.001,0.002,0.000,0.000,0.000,0.000,0.000,0.000,0.000,0.000,0.000,0.007,0.000,0.000,0.000,0.000,0.003,0.002,0.007,0.000,0.000
DFM10H_u2,MAMJJASO,0.000,0.000,0.000,0.000,0.000,0.002,0.000,0.000,0.000,0.000,0.000,0.000,0.000,0.000,0.000,0.000,0.000,0.000,0.000,0.000,0.000,0.000,0.000,0.000,0.000,0.002,0.001,0.000,0.000,0.000
DFM10H_u2,AMJJAS,0.000,0.000,0.000,0.000,0.000,0.002,0.000,0.000,0.000,0.000,0.000,0.000,0.000,0.000,0.000,0.000,0.000,0.000,0.000,0.000,0.000,0.000,0.000,0.000,0.000,0.002,0.001,0.000,0.000,0.000
DFM10H_u2,ONDJFM,0.000,0.000,0.000,0.001,0.000,0.000,0.004,0.000,0.000,0.000,0.003,0.000,0.000,0.000,0.000,0.000,0.000,0.000,0.000,0.000,0.007,0.000,0.000,0.000,0.000,0.002,0.000,0.008,0.000,0.000
DFM10H_u2,NDJF,0.000,0.000,0.000,0.001,0.000,0.000,0.004,0.000,0.000,0.000,0.003,0.000,0.000,0.000,0.000,0.000,0.000,0.000,0.000,0.000,0.007,0.000,0.000,0.000,0.000,0.002,0.000,0.008,0.000,0.000
AWP0-40_S2+,year,83.108,87.585,94.728,74.088,59.619,79.749,69.641,69.064,96.032,109.961,118.814,97.615,94.837,106.546,80.794,100.019,109.810,69.049,74.319,60.258,63.884,111.753,93.679,77.684,78.194,88.563,91.652,84.957,95.100,93.357
AWP0-40_S2+,MAMJJASO,68.705,78.451,70.627,57.370,42.805,68.860,51.362,55.869,70.413,92.217,99.622,85.842,75.361,96.332,60.170,77.860,93.020,53.006,64.018,43.337,44.139,87.678,80.146,68.735,65.183,76.581,80.830,73.995,73.939,61.554
AWP0-40_S2+,AMJJAS,59.989,66.174,59.118,46.102,32.657,54.281,37.355,48.899,59.150,70.179,82.710,64.695,61.485,81.268,50.882,61.924,76.104,40.321,55.678,29.481,34.262,70.782,62.215,57.900,51.496,68.195,63.726,64.255,60.685,48.030
AWP0-40_S2+,ONDJFM,10.725,21.168,21.898,37.573,26.549,22.885,30.981,30.860,18.259,43.885,44.970,28.348,33.768,26.403,25.409,51.069,24.900,32.669,24.097,15.865,42.366,20.408,45.792,26.651,24.033,26.177,15.254,32.231,20.523,36.250
AWP0-40_S2+,NDJF,6.503,12.728,9.187,23.199,19.638,11.830,15.878,17.892,13.255,24.761,24.916,12.389,10.823,17.151,10.995,34.268,9.499,17.360,16.215,6.394,25.111,16.262,23.325,11.150,12.271,14.135,5.841,15.194,11.727,24.353
AWP0-40_S3+,year,52.861,60.322,61.871,48.139,37.087,55.838,44.609,44.147,57.996,76.250,82.466,68.439,58.035,78.506,51.540,64.244,75.192,39.229,45.212,39.793,36.913,76.615,64.501,50.225,47.574,56.011,62.249,55.894,64.507,55.030
AWP0-40_S3+,MAMJJASO,48.315,54.795,46.885,38.509,28.995,49.293,33.103,37.762,45.470,67.222,73.882,63.519,48.162,72.282,40.250,51.566,66.791,33.302,41.650,27.279,27.546,64.473,57.866,46.116,42.819,51.437,56.902,50.894,51.428,39.931
AWP0-40_S3+,AMJJAS,43.843,46.144,40.972,31.217,22.420,38.259,24.036,34.227,38.612,51.985,64.910,52.441,39.987,60.886,34.814,41.022,56.385,26.577,37.877,17.661,22.706,52.500,46.978,41.094,34.841,47.401,45.474,45.898,42.052,31.237
AWP0-40_S3+,ONDJFM,3.893,11.143,12.227,23.275,16.771,11.593,21.115,21.176,5.954,24.654,27.014,10.786,18.562,14.514,17.203,31.433,13.907,17.272,9.481,5.824,29.298,6.650,30.010,14.116,11.176,10.996,7.922,18.346,11.448,23.421
AWP0-40_S3+,NDJF,1.503,6.277,4.368,14.788,11.903,4.650,10.360,11.742,4.616,12.374,13.029,3.649,5.286,9.119,6.506,20.183,3.385,9.638,5.354,1.747,17.672,5.213,14.102,4.917,5.374,4.190,2.758,7.693,6.152,15.168
AWP0-40_S4+,year,29.253,32.636,29.847,27.291,19.381,33.072,27.464,26.680,27.654,47.006,53.191,41.740,26.904,48.343,28.278,33.782,45.557,17.876,24.761,22.912,18.061,48.388,38.728,28.530,23.672,30.162,35.463,31.792,37.333,28.684
AWP0-40_S4+,MAMJJASO,28.639,30.821,24.370,22.367,16.208,29.983,18.981,23.015,24.599,42.186,50.008,40.708,23.042,45.697,24.482,28.378,42.157,16.126,23.758,14.363,14.423,42.828,35.864,27.060,22.733,29.120,33.339,30.434,31.011,21.545
AWP0-40_S4+,AMJJAS,27.422,26.585,22.828,18.507,14.153,23.371,14.331,20.982,20.666,35.200,47.114,37.820,19.830,39.503,21.862,23.335,37.215,14.616,22.641,8.843,13.028,35.678,31.784,25.676,19.643,27.791,28.357,28.926,25.501,17.937
AWP0-40_S4+,ONDJFM,0.446,3.837,4.545,8.634,10.129,2.697,11.791,14.797,1.329,9.729,13.223,1.805,5.815,5.756,8.522,14.113,6.571,5.669,2.281,1.718,17.343,1.417,15.875,5.202,2.603,3.918,2.524,6.964,5.388,12.894
AWP0-40_S4+,NDJF,0.110,1.384,1.390,5.538,6.962,0.828,5.692,8.983,1.073,3.313,6.664,0.538,1.378,3.795,2.714,8.284,1.046,3.884,1.123,0.508,11.269,1.064,7.073,1.864,1.279,0.827,0.695,2.811,2.414,8.016
AWD0-40_sum,year,-732.976,-1090.795,-989.715,-711.712,-497.360,-843.972,-686.832,-773.680,-987.999,-1178.230,-1253.406,-1023.288,-914.633,-1307.508,-843.143,-895.079,-1267.987,-486.361,-737.276,-493.796,-510.201,-1038.626,-836.727,-831.296,-715.024,-1057.320,-883.921,-930.523,-903.416,-747.123
AWD0-40_sum,MAMJJASO,-701.269,-1062.858,-930.690,-654.654,-450.148,-804.018,-582.848,-719.106,-930.229,-1115.571,-1201.549,-993.370,-858.718,-1271.947,-787.699,-828.141,-1214.108,-443.403,-708.278,-411.206,-452.953,-967.135,-794.699,-804.302,-682.325,-1026.215,-851.620,-899.799,-828.388,-653.056
AWD0-40_sum,AMJJAS,-678.102,-1020.740,-893.704,-610.951,-420.178,-732.317,-520.093,-689.452,-881.775,-1023.555,-1152.896,-936.976,-804.692,-1202.244,-749.802,-765.367,-1152.719,-407.318,-685.153,-347.379,-423.544,-887.403,-736.756,-773.141,-637.388,-998.620,-792.954,-867.753,-761.936,-599.181
AWD0-40_sum,ONDJFM,-21.262,-61.098,-63.961,-107.178,-104.533,-56.815,-132.257,-184.024,-49.465,-130.493,-170.969,-69.570,-94.609,-89.401,-107.776,-161.720,-88.588,-103.801,-66.136,-49.569,-179.012,-55.056,-173.424,-82.476,-64.584,-73.640,-55.370,-95.042,-79.433,-149.093
AWD0-40_sum,NDJF,-12.454,-32.300,-25.729,-58.088,-71.654,-27.745,-61.374,-114.218,-32.838,-57.625,-83.034,-30.556,-27.448,-51.824,-38.224,-97.055,-27.804,-57.077,-40.669,-20.567,-108.629,-38.014,-77.682,-33.081,-32.198,-33.507,-20.357,-41.806,-38.365,-91.764
AWR0-10_u30,year,10.407,22.088,10.498,7.661,7.277,16.030,7.601,15.459,13.218,23.013,22.927,31.325,8.293,20.851,11.884,11.409,27.067,9.387,8.936,5.564,5.363,13.057,9.724,11.551,10.147,17.663,13.168,16.235,12.579,6.506
AWR0-10_u30,MAMJJASO,10.407,22.086,10.473,7.652,7.277,16.013,7.570,15.455,13.215,23.013,22.927,31.325,8.288,20.849,11.884,11.409,27.067,9.386,8.936,5.479,5.361,13.053,9.724,11.551,10.147,17.662,13.168,16.234,12.555,6.505
AWR0-10_u30,AMJJAS,10.407,22.078,10.459,7.587,7.277,15.967,7.469,15.444,13.194,22.889,22.922,31.304,8.211,20.773,11.876,11.379,26.940,9.367,8.926,5.387,5.344,13.034,9.690,11.542,10.137,17.632,13.072,16.232,12.509,6.483
AWR0-10_u30,ONDJFM,0.000,0.004,0.012,0.068,0.040,0.021,0.049,0.140,0.003,0.082,0.069,0.000,0.098,0.009,0.081,0.031,0.124,0.021,0.012,0.043,0.152,0.009,0.047,0.008,0.013,0.032,0.083,0.016,0.046,0.025
AWR0-10_u30,NDJF,0.000,0.002,0.000,0.026,0.008,0.017,0.005,0.030,0.003,0.000,0.001,0.000,0.005,0.002,0.000,0.000,0.000,0.000,0.001,0.000,0.085,0.002,0.004,0.000,0.001,0.000,0.000,0.001,0.014,0.011
AWR0-40_u30,year,2.628,13.752,11.993,1.264,2.548,9.715,1.342,5.718,9.930,7.827,11.198,23.190,6.405,21.119,7.436,5.068,11.919,0.726,1.707,0.210,0.442,2.973,3.444,3.684,3.559,7.087,1.931,4.789,3.227,2.245
AWR0-40_u30,MAMJJASO,2.628,13.752,11.993,1.264,2.548,9.715,1.327,5.713,9.930,7.827,11.198,23.190,6.405,21.119,7.436,5.068,11.919,0.726,1.707,0.210,0.442,2.973,3.444,3.684,3.559,7.087,1.931,4.789,3.227,2.245
AWR0-40_u30,AMJJAS,2.628,13.752,11.993,1.262,2.548,9.710,1.306,5.707,9.930,7.728,11.198,23.190,6.388,21.111,7.434,5.068,11.918,0.726,1.707,0.210,0.442,2.973,3.444,3.684,3.559,7.087,1.931,4.789,3.227,2.245
AWR0-40_u30,ONDJFM,0.000,0.000,0.000,0.000,0.002,0.000,0.005,0.047,0.000,0.000,0.100,0.000,0.000,0.017,0.008,0.002,0.000,0.000,0.000,0.000,0.000,0.000,0.000,0.000,0.000,0.000,0.000,0.000,0.000,0.000
AWR0-40_u30,NDJF,0.000,0.000,0.000,0.000,0.000,0.000,0.000,0.021,0.000,0.000,0.000,0.000,0.000,0.000,0.000,0.000,0.000,0.000,0.000,0.000,0.000,0.000,0.000,0.000,0.000,0.000,0.000,0.000,0.000,0.000
