Variable,Season,2055,2056,2057,2058,2059,2060,2061,2062,2063,2064,2065,2066,2067,2068,2069,2070,2071,2072,2073,2074,2075,2076,2077,2078,2079,2080,2081,2082,2083,2084
TMAX,year,20.383,20.083,20.752,20.082,20.494,20.686,20.172,20.504,20.935,21.571,19.425,21.106,21.094,22.145,20.445,20.017,19.845,20.586,21.401,22.094,21.463,21.337,21.301,21.343,20.454,21.268,22.681,22.256,22.048,21.640
TMAX,MAMJJASO,25.679,25.000,25.848,24.993,25.807,26.204,25.036,25.729,25.541,26.412,24.355,26.163,26.486,27.494,25.428,24.896,24.190,25.800,26.405,27.243,27.064,25.930,26.785,26.093,25.231,26.431,27.866,27.465,26.967,26.202
TMAX,AMJJAS,27.593,27.784,28.360,27.308,29.202,29.458,28.762,28.770,27.821,28.379,26.915,28.505,29.159,30.412,28.055,28.565,26.952,28.768,29.268,30.281,29.007,28.351,30.191,28.380,27.941,29.042,31.047,29.834,30.010,29.574
TMAX,ONDJFM,10.374,12.644,13.953,11.701,11.946,12.762,11.326,13.005,12.975,13.995,13.281,12.434,13.246,14.124,13.424,10.468,13.434,12.965,12.235,13.057,15.149,14.072,12.321,13.300,13.958,12.814,15.476,13.175,14.062,13.893
TMAX,NDJF,7.521,9.730,11.536,9.591,8.645,10.712,9.497,11.460,10.203,11.040,10.813,9.924,10.624,10.824,11.262,8.213,11.938,11.540,9.152,10.390,12.790,10.847,9.768,11.018,11.517,10.211,13.593,10.044,11.610,11.672
TMIN,year,10.394,10.404,10.250,10.438,10.079,10.211,10.106,10.371,10.323,10.650,10.204,10.390,10.145,11.673,10.429,10.626,9.862,10.980,11.689,11.158,11.160,11.357,10.389,10.603,10.622,10.822,11.540,11.335,11.370,11.575
TMIN,MAMJJASO,14.290,14.336,14.107,13.799,13.960,14.239,13.533,14.362,14.154,14.149,14.163,14.248,14.340,15.735,14.195,14.254,13.076,15.059,15.727,14.846,15.434,15.277,14.357,14.370,14.395,14.906,15.404,15.155,14.983,15.255
TMIN,AMJJAS,15.954,16.462,16.548,15.546,16.457,16.546,16.280,16.868,16.137,16.071,16.161,16.103,16.189,18.040,16.528,16.790,15.508,17.564,18.025,17.250,17.235,17.434,17.155,16.232,16.776,16.991,17.620,17.250,17.111,17.896
TMIN,ONDJFM,2.918,4.358,4.932,4.041,4.008,4.739,2.963,5.162,3.844,4.294,4.879,4.163,4.109,5.371,4.977,3.319,4.973,4.380,4.710,4.657,6.378,4.586,3.858,4.105,5.058,4.245,6.001,4.667,5.349,5.508
TMIN,NDJF,1.209,2.297,3.113,2.766,1.572,3.586,1.656,4.051,1.821,2.323,3.255,2.275,1.896,3.099,3.163,1.877,3.731,3.723,2.479,2.819,4.811,2.080,2.270,2.424,3.362,2.304,4.450,2.337,3.850,3.824
TAVG,year,15.234,14.990,15.184,15.074,15.103,15.262,15.033,15.196,15.359,15.847,14.566,15.448,15.391,16.634,15.070,15.045,14.592,15.567,16.212,16.443,16.080,15.937,15.673,15.626,15.149,15.610,16.793,16.429,16.364,16.214
TAVG,MAMJJASO,19.864,19.453,19.666,19.265,19.766,20.104,19.268,19.864,19.668,20.112,19.083,19.963,20.279,21.404,19.491,19.366,18.455,20.290,20.785,20.962,21.102,20.246,20.447,19.888,19.435,20.277,21.424,20.972,20.669,20.370
TAVG,AMJJAS,21.742,21.953,22.172,21.367,22.798,22.961,22.610,22.719,21.857,22.156,21.482,22.129,22.639,24.109,22.031,22.548,21.129,23.121,23.401,23.812,23.071,22.586,23.595,21.999,22.021,22.687,24.215,23.309,23.306,23.398
TAVG,ONDJFM,6.370,8.203,9.089,7.552,7.644,8.448,6.790,8.709,8.036,8.706,8.629,7.876,8.227,9.339,8.741,6.507,8.660,8.317,8.087,8.470,10.325,8.834,7.716,8.449,9.035,8.021,10.195,8.423,9.267,9.273
TAVG,NDJF,4.128,5.746,6.973,5.887,4.796,6.870,5.225,7.364,5.650,6.219,6.592,5.731,5.801,6.576,6.771,4.666,7.292,7.270,5.456,6.232,8.353,5.959,5.675,6.455,6.992,5.781,8.457,5.727,7.355,7.343
RH,year,67.565,69.721,67.443,69.906,65.879,66.814,68.219,67.991,66.315,65.495,71.249,63.583,63.188,65.398,69.639,69.171,68.464,67.611,69.626,62.569,66.173,69.028,66.562,68.563,71.021,68.814,65.903,68.103,70.529,73.555
RH,MAMJJASO,62.746,65.892,63.315,63.851,59.630,61.100,62.091,62.685,63.424,59.415,67.588,59.233,58.098,59.436,64.523,63.027,63.505,62.502,65.740,55.721,61.022,65.362,60.063,64.804,67.218,64.689,60.402,63.352,65.627,70.403
RH,AMJJAS,59.887,62.672,62.318,60.418,55.020,56.923,57.754,59.827,61.258,57.817,65.135,57.044,54.017,55.861,62.426,58.099,61.497,59.687,63.578,51.554,58.908,63.521,56.265,62.063,65.678,61.786,55.955,60.891,62.186,68.149
RH,ONDJFM,76.333,75.462,73.211,79.236,77.656,77.418,75.814,78.079,72.157,70.953,77.684,73.686,69.889,75.072,75.792,79.491,76.098,74.907,76.628,74.383,75.146,71.288,76.902,75.835,76.381,76.693,73.855,76.905,77.188,79.260
RH,NDJF,78.475,76.706,75.398,81.125,79.345,80.677,77.890,79.989,73.690,74.906,79.471,76.099,70.113,79.373,76.772,82.301,78.204,78.496,78.439,77.207,77.823,73.417,80.321,77.456,77.812,78.595,75.155,79.039,79.273,81.433
RHmin,year,50.776,52.659,49.383,53.327,49.159,49.831,51.501,50.682,48.479,47.839,54.227,46.374,46.357,48.508,51.636,52.797,51.147,51.406,52.276,46.189,49.225,51.287,49.046,49.826,52.773,50.229,47.954,49.458,51.596,54.344
RHmin,MAMJJASO,45.567,48.863,45.061,46.951,43.178,44.249,45.529,45.672,46.062,42.222,50.742,42.225,41.886,43.020,46.534,46.882,46.351,46.523,48.611,39.973,44.221,48.141,42.817,46.195,48.959,46.279,43.065,44.541,46.730,51.295
RHmin,AMJJAS,43.644,45.916,44.618,43.889,38.986,40.257,41.738,43.372,44.468,41.480,48.668,40.463,38.325,40.200,44.990,42.108,44.906,44.431,46.463,36.876,43.066,46.784,39.794,44.009,47.811,43.928,39.088,43.154,43.395,48.859
RHmin,ONDJFM,59.888,58.062,55.055,62.105,60.201,60.368,57.797,60.384,53.867,52.087,59.125,56.126,51.937,56.864,57.459,62.828,57.498,57.150,60.063,56.717,56.904,52.585,58.541,56.884,57.111,57.546,54.135,58.333,57.943,60.367
RHmin,NDJF,63.438,60.154,57.383,64.693,62.455,64.016,59.868,62.370,55.806,55.976,61.432,58.865,52.259,61.404,58.564,66.040,59.451,60.886,62.659,59.834,59.886,54.897,62.511,58.678,59.171,59.860,55.399,60.865,60.997,62.629
PREC,year,516.960,514.886,419.351,479.999,363.055,412.080,546.607,481.165,442.723,377.371,508.800,362.306,396.254,431.856,554.190,507.320,518.988,502.426,504.479,255.914,393.812,647.981,598.523,550.629,819.608,523.020,667.031,439.273,628.023,761.912
PREC,MAMJJASO,278.668,342.336,313.478,306.975,184.135,227.114,324.446,301.704,328.713,229.125,371.152,278.096,249.593,300.689,336.199,278.996,373.462,306.610,337.236,189.679,237.818,518.785,396.106,356.122,587.365,376.980,428.911,335.703,383.246,506.374
PREC,AMJJAS,215.046,259.004,268.465,181.359,155.508,179.118,249.175,172.297,231.295,192.610,283.161,227.238,178.283,210.336,256.183,220.536,248.357,208.108,256.778,145.169,204.518,352.961,288.740,289.890,495.884,260.651,291.550,282.308,236.229,330.870
PREC,ONDJFM,154.651,255.242,215.126,306.227,172.975,280.158,219.256,289.623,224.889,181.861,245.357,189.183,176.868,178.478,309.054,283.138,244.357,310.872,275.961,202.951,145.797,213.597,275.642,314.829,324.139,314.572,208.672,332.225,268.461,440.238
PREC,NDJF,116.474,170.799,165.436,164.072,146.698,256.004,131.631,183.162,130.845,125.737,194.163,93.312,104.960,136.521,178.380,224.693,178.669,207.355,162.751,141.159,96.865,110.024,198.675,177.684,255.660,191.846,119.763,217.474,183.818,279.966
SRAD,year,5304.044,5204.755,5236.300,5037.528,5195.810,5151.228,5056.327,4994.469,5130.420,5264.250,4803.602,5164.369,5137.693,5112.544,5061.333,5170.029,5249.823,5246.942,5275.801,5651.304,5333.761,5070.834,5372.032,5261.481,5148.989,5353.479,5548.946,5450.501,5285.981,5140.214
SRAD,MAMJJASO,4619.917,4482.006,4486.675,4444.468,4526.145,4493.882,4438.540,4310.997,4340.089,4529.423,4134.768,4389.084,4372.306,4438.724,4383.331,4509.889,4499.274,4504.269,4551.024,4876.207,4627.756,4306.793,4687.588,4537.055,4456.798,4593.460,4818.848,4714.404,4607.452,4436.230
SRAD,AMJJAS,3884.118,3815.324,3725.183,3805.137,3909.001,3867.307,3822.641,3670.742,3627.626,3752.694,3552.512,3743.332,3719.246,3773.296,3671.344,3908.752,3789.677,3793.745,3871.866,4120.269,3877.077,3624.634,3980.010,3808.792,3726.946,3898.452,4142.281,3940.522,3971.873,3799.227
SRAD,ONDJFM,736.180,1418.641,1484.028,1254.923,1302.090,1266.124,1322.522,1247.047,1462.470,1573.377,1304.619,1373.543,1423.596,1352.536,1353.931,1272.892,1452.420,1479.466,1367.715,1501.821,1423.916,1542.788,1395.363,1389.752,1436.308,1423.778,1507.958,1416.414,1374.739,1345.267
SRAD,NDJF,352.886,716.335,763.878,615.157,668.635,612.838,678.219,646.748,763.483,785.739,674.371,723.840,809.623,650.606,724.485,605.927,779.220,757.898,687.601,749.762,730.236,794.165,664.728,701.991,713.720,722.899,776.483,733.444,667.221,667.191
WIND,year,2.158,2.051,2.025,1.956,2.007,1.909,1.982,1.981,1.827,1.817,1.872,1.890,1.914,1.966,2.050,1.970,2.090,2.053,1.856,1.987,2.117,2.068,2.120,2.171,2.126,1.988,2.134,2.036,2.038,2.126
WIND,MAMJJASO,1.917,2.085,1.947,1.968,1.935,1.815,1.963,1.909,1.779,1.832,1.849,1.866,1.880,1.910,1.985,1.970,2.142,2.095,1.769,1.978,2.023,2.043,2.073,2.053,2.081,1.996,2.024,1.980,2.007,2.052
WIND,AMJJAS,1.887,1.993,1.886,1.978,2.003,1.851,1.954,1.821,1.759,1.796,1.864,1.763,1.858,1.855,1.937,1.981,2.118,2.013,1.700,1.952,2.000,1.928,1.982,2.030,1.994,1.939,1.988,1.882,1.892,1.964
WIND,ONDJFM,2.538,2.253,2.278,1.962,1.969,1.983,1.964,2.079,1.944,1.938,1.792,1.990,1.979,2.035,2.215,2.000,2.015,2.118,1.992,2.118,2.027,2.232,2.218,2.365,2.295,2.134,2.192,2.168,2.182,2.241
WIND,NDJF,2.706,2.263,2.232,1.990,2.072,2.145,1.980,2.010,2.028,1.922,1.811,1.953,1.926,2.057,2.136,2.102,1.996,1.972,1.974,2.120,1.979,2.277,2.217,2.357,2.323,2.051,2.215,2.099,2.174,2.199
VPD,year,0.796,0.719,0.765,0.760,0.895,0.851,0.853,0.848,0.789,0.897,0.676,0.902,0.980,0.986,0.752,0.832,0.745,0.851,0.794,1.069,0.919,0.796,0.927,0.767,0.680,0.804,1.005,0.895,0.803,0.699
VPD,MAMJJASO,1.067,0.960,1.014,1.039,1.225,1.164,1.171,1.159,1.025,1.209,0.906,1.196,1.323,1.347,1.013,1.139,0.993,1.151,1.059,1.456,1.244,1.044,1.280,1.011,0.902,1.081,1.364,1.203,1.084,0.914
VPD,AMJJAS,1.239,1.149,1.166,1.206,1.487,1.402,1.451,1.395,1.197,1.392,1.067,1.382,1.565,1.619,1.186,1.412,1.166,1.385,1.251,1.771,1.438,1.224,1.559,1.187,1.052,1.281,1.669,1.425,1.308,1.108
VPD,ONDJFM,0.266,0.333,0.359,0.268,0.313,0.315,0.293,0.279,0.359,0.401,0.307,0.334,0.418,0.384,0.335,0.250,0.316,0.337,0.305,0.342,0.375,0.428,0.290,0.324,0.324,0.300,0.382,0.316,0.323,0.296
VPD,NDJF,0.193,0.247,0.276,0.196,0.198,0.218,0.219,0.226,0.273,0.279,0.223,0.242,0.325,0.231,0.266,0.166,0.261,0.253,0.224,0.242,0.286,0.313,0.203,0.247,0.251,0.217,0.316,0.224,0.244,0.220
FWI_FD,year,7.431,6.323,7.074,7.966,9.791,9.200,7.842,8.284,7.452,9.376,5.473,9.993,10.962,9.672,6.050,8.297,6.661,8.324,6.719,13.118,10.615,6.086,8.514,6.499,4.272,6.850,9.232,8.457,6.691,5.029
FWI_FD,MAMJJASO,10.428,8.508,9.648,10.675,13.922,12.596,11.300,11.813,9.504,12.964,7.577,13.120,14.751,13.479,8.610,11.628,9.307,11.824,9.119,17.635,14.053,7.948,12.274,8.535,5.681,9.355,13.027,11.321,9.477,6.907
FWI_FD,AMJJAS,12.370,10.203,10.836,11.718,15.953,14.951,14.247,14.381,11.487,14.409,8.943,14.141,17.080,16.200,9.479,14.807,10.919,14.758,10.329,21.551,15.669,9.399,15.261,10.027,6.544,11.488,16.177,13.458,11.919,8.816
FWI_FD,ONDJFM,0.817,2.563,3.458,1.985,4.317,3.606,3.365,1.794,3.372,3.817,2.745,2.914,5.836,4.620,2.433,2.026,2.651,2.395,1.596,3.379,4.849,6.176,1.506,1.883,2.794,1.765,3.196,2.050,2.550,1.390
FWI_FD,NDJF,0.357,1.555,2.286,1.270,2.482,1.177,2.389,1.383,2.451,2.083,1.703,1.718,4.452,2.025,1.704,0.473,2.260,1.104,0.933,1.994,4.218,4.384,0.777,1.271,2.196,1.278,2.650,0.993,2.095,0.872
FWI_3+,year,64.882,45.721,49.655,71.976,91.239,87.872,74.359,79.111,53.449,82.675,44.039,91.752,102.015,91.747,42.797,76.602,53.705,72.538,50.749,113.110,101.163,41.375,84.017,40.964,17.410,56.622,75.832,69.935,56.605,33.477
FWI_3+,MAMJJASO,62.666,43.379,49.554,68.435,90.383,86.730,74.320,79.089,52.841,82.002,44.034,86.610,99.163,91.570,42.624,76.018,53.589,72.410,50.555,108.874,94.853,40.582,83.979,40.435,17.245,56.403,75.651,68.861,56.420,33.012
FWI_3+,AMJJAS,59.852,42.360,47.076,56.081,78.256,79.098,74.223,74.165,52.158,73.436,41.606,73.553,88.280,87.006,37.275,75.995,49.381,71.630,45.436,105.626,83.528,37.656,81.805,39.831,16.939,55.985,73.899,68.359,55.560,32.960
FWI_3+,ONDJFM,0.045,5.006,4.364,1.567,15.896,12.972,8.793,0.126,5.448,4.996,5.021,2.824,18.348,14.095,4.031,5.332,0.789,4.880,0.209,5.476,7.981,20.285,0.614,2.173,1.085,0.369,1.177,1.722,1.220,1.064
FWI_3+,NDJF,0.012,2.212,2.362,0.085,3.542,0.844,1.152,0.038,0.440,0.424,0.429,0.034,5.593,2.387,0.220,0.114,0.677,0.086,0.069,0.230,4.375,6.878,0.047,0.134,0.449,0.154,0.391,0.057,1.029,0.198
FWI_4+,year,14.566,7.026,5.811,13.543,32.777,24.285,27.410,31.309,10.474,29.980,4.984,29.761,46.786,36.698,2.988,31.111,11.429,30.122,11.817,57.336,36.737,9.384,27.459,9.026,1.507,11.906,34.308,27.979,11.475,5.471
FWI_4+,MAMJJASO,14.080,6.957,5.799,13.522,32.719,24.259,27.404,31.307,10.436,29.970,4.983,29.394,46.501,36.683,2.974,31.045,11.416,30.104,11.801,57.185,35.958,9.342,27.447,8.976,1.501,11.899,34.286,27.923,11.455,5.413
FWI_4+,AMJJAS,13.994,6.935,5.650,12.810,30.780,23.554,27.399,31.147,10.426,29.741,4.664,26.709,43.773,35.809,2.877,31.045,10.940,30.040,11.613,57.155,34.834,8.977,27.268,8.960,1.486,11.899,34.229,27.890,11.448,5.413
FWI_4+,ONDJFM,0.008,0.566,0.194,0.057,0.734,1.996,0.737,0.005,0.188,0.063,0.200,0.336,3.066,3.009,0.882,0.094,0.079,0.550,0.009,0.219,0.214,2.224,0.037,0.207,0.064,0.007,0.082,0.034,0.063,0.028
FWI_4+,NDJF,0.001,0.486,0.077,0.004,0.021,0.057,0.027,0.005,0.023,0.022,0.007,0.002,0.392,0.260,0.023,0.006,0.076,0.019,0.002,0.023,0.165,0.798,0.003,0.022,0.042,0.004,0.030,0.005,0.051,0.023
FWI_5+,year,0.715,0.837,0.140,0.400,6.499,1.035,4.053,3.068,0.102,3.519,0.131,3.525,10.784,4.731,0.044,5.380,1.360,5.577,0.443,19.988,5.271,0.539,3.185,0.209,0.086,0.265,9.698,2.965,0.279,0.168
FWI_5+,MAMJJASO,0.642,0.836,0.134,0.400,6.490,1.028,4.051,3.067,0.091,3.519,0.131,3.509,10.759,4.726,0.038,5.358,1.355,5.573,0.441,19.952,5.182,0.527,3.180,0.196,0.084,0.264,9.692,2.956,0.273,0.146
FWI_5+,AMJJAS,0.626,0.836,0.119,0.391,6.475,1.005,4.050,3.065,0.091,3.506,0.122,3.414,10.563,4.718,0.037,5.358,1.336,5.565,0.435,19.945,5.143,0.478,3.158,0.193,0.080,0.264,9.680,2.951,0.272,0.146
FWI_5+,ONDJFM,0.004,0.085,0.020,0.002,0.009,0.025,0.031,0.002,0.007,0.018,0.003,0.008,0.117,0.216,0.015,0.004,0.026,0.031,0.000,0.015,0.046,0.172,0.007,0.030,0.018,0.002,0.019,0.004,0.010,0.008
FWI_5+,NDJF,0.000,0.073,0.007,0.000,0.000,0.009,0.007,0.002,0.005,0.008,0.000,0.000,0.023,0.019,0.008,0.003,0.026,0.004,0.000,0.004,0.040,0.094,0.001,0.006,0.013,0.002,0.008,0.000,0.008,0.007
FWI_6,year,0.085,0.060,0.029,0.030,0.361,0.053,0.276,0.077,0.010,0.079,0.013,0.107,0.491,0.222,0.008,0.230,0.195,0.265,0.008,4.596,0.199,0.035,0.154,0.017,0.007,0.009,1.964,0.049,0.016,0.019
FWI_6,MAMJJASO,0.057,0.060,0.027,0.030,0.360,0.051,0.274,0.077,0.008,0.078,0.013,0.099,0.486,0.220,0.006,0.217,0.194,0.264,0.008,4.585,0.175,0.033,0.152,0.015,0.006,0.009,1.962,0.047,0.014,0.011
FWI_6,AMJJAS,0.054,0.060,0.023,0.028,0.358,0.044,0.274,0.077,0.008,0.074,0.012,0.070,0.473,0.220,0.006,0.217,0.187,0.261,0.007,4.583,0.157,0.017,0.144,0.014,0.006,0.009,1.959,0.045,0.013,0.011
FWI_6,ONDJFM,0.002,0.029,0.006,0.000,0.002,0.003,0.010,0.002,0.002,0.005,0.001,0.001,0.038,0.017,0.003,0.002,0.014,0.011,0.000,0.004,0.016,0.051,0.003,0.011,0.003,0.001,0.005,0.002,0.003,0.002
FWI_6,NDJF,0.000,0.028,0.002,0.000,0.000,0.001,0.002,0.002,0.002,0.002,0.000,0.000,0.009,0.004,0.003,0.002,0.014,0.002,0.000,0.000,0.014,0.022,0.000,0.002,0.003,0.001,0.002,0.000,0.002,0.002
DFM10H,year,15.563,15.689,14.989,15.854,15.338,15.143,15.865,15.510,14.438,14.152,16.143,13.715,14.354,14.536,16.458,16.254,15.902,15.134,15.697,12.906,14.525,16.191,15.236,15.449,17.235,15.420,14.855,14.917,16.252,17.592
DFM10H,MAMJJASO,13.449,14.732,14.042,14.177,12.653,13.101,13.895,14.127,14.220,12.672,15.420,13.074,12.975,13.336,14.686,14.122,14.709,13.712,14.631,11.323,12.672,15.688,13.365,14.540,16.181,14.470,13.435,13.689,14.685,16.344
DFM10H,AMJJAS,13.069,14.157,14.251,13.221,11.818,12.152,12.756,13.042,13.851,12.811,15.077,12.894,12.146,12.667,14.520,13.008,14.021,12.973,14.187,10.600,12.644,15.359,12.419,14.351,16.219,13.906,12.122,13.620,13.450,15.303
DFM10H,ONDJFM,19.266,17.106,16.119,18.671,18.780,18.428,17.904,17.775,16.131,14.776,17.263,16.028,15.288,16.256,17.973,19.275,17.284,17.849,17.959,16.477,15.699,15.978,17.925,17.579,17.740,17.799,15.563,18.133,17.519,20.042
DFM10H,NDJF,21.193,17.845,17.106,18.929,20.709,20.659,18.219,17.977,16.454,15.979,18.204,16.448,15.102,18.010,18.106,20.842,18.239,18.679,18.667,17.549,16.572,16.939,19.609,17.698,18.648,18.624,15.812,18.780,18.519,20.865
DFM10H_u10,year,110.629,90.940,114.557,105.901,128.012,135.326,112.655,107.447,114.437,135.304,70.309,137.732,146.188,128.802,97.646,102.031,103.924,106.355,92.246,148.997,122.932,102.000,130.276,103.326,77.479,103.954,133.476,112.585,100.610,63.803
DFM10H_u10,MAMJJASO,104.838,80.718,108.916,103.641,124.148,128.683,110.336,104.802,100.746,126.902,67.844,127.112,130.078,121.666,93.544,98.165,96.085,97.969,85.879,142.873,114.846,85.729,126.614,94.855,72.084,94.096,125.312,103.246,97.459,59.031
DFM10H_u10,AMJJAS,94.182,75.281,85.840,91.383,111.384,114.709,106.755,93.033,84.937,100.185,61.444,108.725,114.584,107.179,79.127,96.745,80.013,87.827,74.379,125.103,96.977,71.440,113.066,84.830,61.739,85.235,112.335,90.589,91.199,52.611
DFM10H_u10,ONDJFM,4.176,18.704,26.375,14.226,13.644,17.626,19.572,8.854,27.372,38.623,13.870,18.045,33.406,26.571,14.539,11.975,19.358,25.408,14.157,18.965,22.130,38.567,17.084,18.705,18.247,12.607,23.444,24.129,9.465,11.735
DFM10H_u10,NDJF,0.753,7.894,11.526,3.108,1.691,3.083,6.766,3.706,10.635,11.477,2.414,6.595,18.414,6.484,6.537,1.250,11.138,7.842,4.839,3.733,7.775,19.337,3.805,7.259,7.005,4.124,14.778,8.371,1.841,2.946
DFM10H_u8,year,34.491,26.609,26.573,37.887,64.067,60.347,51.409,45.304,37.424,64.891,14.636,56.153,82.036,65.811,21.529,50.059,33.008,44.724,21.135,79.938,47.809,32.146,66.415,32.866,15.103,31.219,64.593,46.818,33.975,12.146
DFM10H_u8,MAMJJASO,32.993,23.912,26.332,37.696,63.983,59.260,51.327,45.278,35.817,62.090,14.620,54.588,77.667,65.250,21.357,50.033,32.213,44.462,20.601,79.479,47.442,29.206,66.202,31.395,14.797,30.766,63.780,45.929,33.591,11.902
DFM10H_u8,AMJJAS,32.449,23.369,22.902,34.909,59.597,55.740,51.319,43.026,32.804,51.772,13.362,50.135,71.914,63.403,19.401,50.030,29.376,41.444,19.947,75.924,45.869,25.269,63.535,30.269,13.739,29.821,60.352,45.178,33.260,11.475
DFM10H_u8,ONDJFM,0.270,2.426,5.342,1.114,2.908,4.463,4.484,0.148,6.104,12.291,2.475,2.838,9.611,6.077,0.707,1.817,1.117,5.578,1.162,1.892,3.143,7.391,2.985,2.573,1.819,1.011,1.653,4.640,0.369,0.876
DFM10H_u8,NDJF,0.003,1.837,2.591,0.185,0.049,0.047,1.087,0.107,1.411,2.996,0.017,0.772,4.601,1.051,0.240,0.014,0.809,0.212,0.410,0.178,0.473,3.267,0.103,1.266,0.578,0.115,1.211,0.890,0.006,0.384
DFM10H_u6,year,3.104,3.200,1.044,4.006,15.921,6.914,10.183,8.675,3.639,16.643,0.832,10.905,27.182,17.470,1.077,12.733,3.930,8.589,1.668,35.106,10.118,3.553,14.216,4.302,0.902,3.245,23.534,10.032,3.770,0.682
DFM10H_u6,MAMJJASO,2.927,2.851,1.044,4.002,15.921,6.910,10.183,8.675,3.536,16.089,0.832,10.835,26.941,17.470,1.077,12.733,3.930,8.589,1.668,35.106,10.118,3.522,14.216,4.278,0.902,3.245,23.528,10.032,3.752,0.682
DFM10H_u6,AMJJAS,2.927,2.840,1.043,3.604,15.272,6.804,10.183,8.561,3.513,15.345,0.795,10.764,26.421,17.470,1.077,12.733,3.918,8.577,1.668,35.056,10.115,3.262,14.112,4.278,0.902,3.245,23.214,10.032,3.751,0.682
DFM10H_u6,ONDJFM,0.000,0.177,0.362,0.003,0.398,0.649,0.110,0.000,0.200,1.213,0.125,0.061,0.525,0.352,0.000,0.000,0.000,0.024,0.000,0.000,0.053,0.285,0.110,0.024,0.000,0.000,0.005,0.314,0.000,0.019
DFM10H_u6,NDJF,0.000,0.177,0.350,0.003,0.000,0.000,0.005,0.000,0.063,0.593,0.000,0.013,0.292,0.006,0.000,0.000,0.000,0.000,0.000,0.000,0.000,0.030,0.000,0.024,0.000,0.000,0.005,0.000,0.000,0.018
DFM10H_u4,year,0.019,0.183,0.000,0.085,2.033,0.136,1.122,0.203,0.115,0.958,0.003,0.633,4.068,1.196,0.003,0.414,0.222,0.698,0.010,8.409,0.694,0.087,0.691,0.116,0.014,0.046,5.692,0.421,0.067,0.004
DFM10H_u4,MAMJJASO,0.019,0.158,0.000,0.085,2.033,0.136,1.122,0.203,0.115,0.958,0.003,0.633,4.068,1.196,0.003,0.414,0.222,0.698,0.010,8.409,0.694,0.087,0.691,0.116,0.014,0.046,5.692,0.421,0.067,0.004
DFM10H_u4,AMJJAS,0.019,0.158,0.000,0.083,2.033,0.136,1.122,0.203,0.115,0.955,0.003,0.633,4.068,1.196,0.003,0.414,0.222,0.698,0.010,8.409,0.694,0.087,0.691,0.116,0.014,0.046,5.687,0.421,0.067,0.004
DFM10H_u4,ONDJFM,0.000,0.000,0.024,0.000,0.002,0.000,0.000,0.000,0.000,0.000,0.003,0.000,0.000,0.000,0.000,0.000,0.000,0.000,0.000,0.000,0.000,0.000,0.000,0.000,0.000,0.000,0.000,0.005,0.000,0.000
DFM10H_u4,NDJF,0.000,0.000,0.024,0.000,0.000,0.000,0.000,0.000,0.000,0.000,0.000,0.000,0.000,0.000,0.000,0.000,0.000,0.000,0.000,0.000,0.000,0.000,0.000,0.000,0.000,0.000,0.000,0.000,0.000,0.000
DFM10H_u2,year,0.000,0.006,0.000,0.000,0.164,0.023,0.074,0.000,0.000,0.013,0.000,0.028,0.163,0.063,0.000,0.007,0.004,0.027,0.000,1.119,0.009,0.000,0.037,0.003,0.000,0.000,0.560,0.015,0.000,0.000
DFM10H_u2,MAMJJASO,0.000,0.005,0.000,0.000,0.164,0.023,0.074,0.000,0.000,0.013,0.000,0.028,0.163,0.063,0.000,0.007,0.004,0.027,0.000,1.119,0.009,0.000,0.037,0.003,0.000,0.000,0.560,0.015,0.000,0.000
DFM10H_u2,AMJJAS,0.000,0.005,0.000,0.000,0.164,0.023,0.074,0.000,0.000,0.013,0.000,0.028,0.163,0.063,0.000,0.007,0.004,0.027,0.000,1.119,0.009,0.000,0.037,0.003,0.000,0.000,0.560,0.015,0.000,0.000
DFM10H_u2,ONDJFM,0.000,0.000,0.001,0.000,0.000,0.000,0.000,0.000,0.000,0.000,0.000,0.000,0.000,0.000,0.000,0.000,0.000,0.000,0.000,0.000,0.000,0.000,0.000,0.000,0.000,0.000,0.000,0.000,0.000,0.000
DFM10H_u2,NDJF,0.000,0.000,0.001,0.000,0.000,0.000,0.000,0.000,0.000,0.000,0.000,0.000,0.000,0.000,0.000,0.000,0.000,0.000,0.000,0.000,0.000,0.000,0.000,0.000,0.000,0.000,0.000,0.000,0.000,0.000
AWP0-40_S2+,year,139.136,156.031,221.073,188.730,214.967,209.588,133.534,160.433,197.592,225.341,131.742,246.335,221.434,206.212,135.663,130.381,151.899,173.743,167.895,252.759,258.517,128.518,144.071,165.896,77.414,151.158,167.342,192.626,122.211,80.173
AWP0-40_S2+,MAMJJASO,127.092,103.901,150.227,133.147,179.491,152.905,106.898,119.957,123.808,166.398,93.601,156.776,143.228,148.138,117.065,107.592,119.545,149.630,113.355,168.982,165.264,86.722,133.142,113.875,51.802,96.488,121.997,134.668,101.339,71.537
AWP0-40_S2+,AMJJAS,103.919,85.758,111.891,103.023,139.519,128.923,102.524,104.922,103.366,117.804,71.393,104.227,115.171,115.276,80.162,104.954,84.195,130.716,82.031,141.643,124.566,70.176,108.252,90.738,44.619,92.974,97.573,104.336,98.724,66.375
AWP0-40_S2+,ONDJFM,10.016,63.009,103.200,51.472,102.911,57.686,94.176,44.417,88.787,89.701,87.644,91.991,127.634,109.143,52.199,37.140,69.022,52.135,41.847,96.809,134.514,117.217,31.627,41.564,63.615,33.907,99.755,54.564,54.163,13.417
AWP0-40_S2+,NDJF,2.039,39.951,64.200,41.799,61.989,23.163,72.119,42.046,58.529,56.159,51.935,59.584,93.603,61.789,30.923,15.228,43.591,22.263,23.819,64.259,104.186,82.031,9.029,25.237,47.706,32.039,76.587,21.908,51.219,8.052
AWP0-40_S3+,year,84.825,97.195,161.854,134.504,157.297,154.510,84.788,116.617,138.018,169.609,71.272,190.104,176.061,152.886,73.368,98.427,97.481,134.933,110.333,213.991,214.872,94.330,99.754,103.872,42.875,93.615,133.282,137.926,75.595,34.961
AWP0-40_S3+,MAMJJASO,78.013,58.809,111.140,91.024,135.429,105.869,65.310,85.814,75.084,123.590,45.074,114.316,106.808,110.783,63.326,85.773,73.030,119.289,70.415,144.038,132.156,59.874,95.585,65.192,26.685,53.759,96.974,99.441,63.087,30.947
AWP0-40_S3+,AMJJAS,64.283,48.538,79.583,64.970,104.867,90.957,64.014,75.795,61.384,81.166,32.165,67.233,85.298,81.059,37.086,84.934,46.490,104.375,48.482,125.435,99.735,45.445,76.465,50.251,22.623,52.551,78.873,73.093,62.354,28.459
AWP0-40_S3+,ONDJFM,4.633,42.145,82.223,29.723,81.620,40.877,74.897,32.076,74.150,72.538,61.782,78.761,109.871,88.619,33.350,22.916,50.696,36.876,26.929,73.291,116.501,98.590,21.504,26.653,45.219,21.748,77.666,42.088,33.398,6.399
AWP0-40_S3+,NDJF,0.330,28.381,49.320,25.126,48.848,14.226,61.648,31.411,52.475,42.346,38.233,49.576,83.585,46.270,18.010,7.997,31.012,14.788,13.879,49.689,94.644,69.628,3.444,15.716,36.133,21.149,59.486,15.318,32.632,3.908
AWP0-40_S4+,year,54.634,59.569,120.311,98.395,113.855,112.273,58.898,82.794,97.467,127.859,39.819,151.777,141.691,113.788,43.424,76.291,68.165,100.637,72.662,177.703,174.990,70.013,68.875,68.478,24.692,57.723,103.932,95.834,50.674,17.486
AWP0-40_S4+,MAMJJASO,50.257,33.528,88.949,65.414,100.779,73.008,44.917,60.111,45.529,92.895,23.439,90.652,80.363,85.099,38.253,69.928,49.227,91.297,45.306,121.099,105.133,41.965,67.931,40.536,15.339,32.262,76.109,72.968,43.978,15.929
AWP0-40_S4+,AMJJAS,43.151,28.808,63.835,43.694,77.885,63.642,44.690,53.131,37.320,56.343,17.578,49.166,63.585,58.796,20.379,69.744,31.505,80.867,31.312,109.834,80.978,29.802,55.640,32.267,13.711,31.915,62.255,52.171,43.852,15.125
AWP0-40_S4+,ONDJFM,1.408,26.868,59.743,14.442,61.765,29.491,57.960,23.123,59.848,59.309,38.724,66.074,92.818,70.856,20.617,13.760,35.517,24.317,15.643,52.492,96.809,79.062,12.712,15.361,30.864,12.303,56.826,31.470,17.396,2.800
AWP0-40_S4+,NDJF,0.007,19.430,33.432,12.652,36.705,8.939,49.380,22.977,45.450,31.771,25.292,39.574,73.248,33.177,9.948,3.574,22.681,8.941,7.594,36.929,82.016,55.829,1.050,9.385,26.319,12.162,42.922,10.531,17.270,2.023
AWD0-40_sum,year,-1402.324,-1543.568,-2228.125,-1912.076,-2106.715,-2252.179,-1214.862,-1340.584,-2053.239,-2410.689,-1032.001,-2526.508,-2337.551,-1985.492,-1359.776,-1131.994,-1242.400,-1345.280,-1750.313,-2746.262,-2714.053,-867.184,-1080.150,-1742.281,-286.277,-1490.674,-1343.789,-1837.698,-995.915,-470.233
AWD0-40_sum,MAMJJASO,-1219.817,-986.988,-1472.241,-1213.412,-1752.418,-1466.144,-912.279,-1069.432,-1197.857,-1780.361,-681.974,-1535.877,-1368.462,-1388.900,-1191.358,-873.090,-1013.168,-1191.563,-1101.168,-1689.943,-1555.966,-472.844,-993.589,-1122.856,-25.675,-861.925,-1050.875,-1165.889,-831.935,-366.192
AWD0-40_sum,AMJJAS,-899.589,-730.473,-910.600,-893.482,-1260.949,-1143.713,-799.838,-842.662,-934.572,-1084.724,-452.148,-842.672,-988.460,-970.578,-724.831,-830.145,-637.012,-1096.352,-722.291,-1299.600,-1052.190,-448.549,-842.522,-813.077,-21.841,-807.031,-791.053,-834.525,-861.762,-445.575
AWD0-40_sum,ONDJFM,-110.476,-701.988,-1204.620,-688.374,-1233.791,-664.351,-1268.057,-439.287,-982.795,-1074.848,-990.421,-1044.783,-1632.607,-1230.871,-619.653,-419.837,-726.816,-469.808,-228.205,-1141.796,-1783.940,-1436.500,-141.522,-250.169,-810.406,-243.396,-1159.276,-422.221,-649.283,-18.581
AWD0-40_sum,NDJF,-21.205,-383.755,-672.931,-517.244,-736.391,-252.254,-961.607,-366.456,-575.871,-582.443,-540.003,-620.704,-1204.936,-595.230,-379.446,-106.707,-451.567,-132.243,-163.954,-732.828,-1366.598,-979.636,-77.351,-185.210,-577.487,-309.256,-873.720,-63.859,-617.061,-34.999
AWR0-10_u30,year,137.351,126.302,148.399,152.018,156.760,170.281,120.696,126.856,159.344,163.135,107.466,172.112,176.046,150.060,117.454,132.223,130.588,144.047,129.214,211.169,174.919,109.186,146.640,135.718,97.522,126.785,136.449,166.120,115.723,101.621
AWR0-10_u30,MAMJJASO,131.984,108.359,135.809,134.373,151.089,145.208,116.241,120.500,112.463,146.989,100.467,147.084,144.517,136.112,115.327,117.151,118.578,134.156,119.343,172.174,151.444,86.946,141.941,111.897,81.623,110.323,131.481,132.779,113.020,93.068
AWR0-10_u30,AMJJAS,113.934,96.997,102.136,104.680,118.545,124.335,109.794,108.493,102.078,106.239,85.206,108.272,114.391,113.417,86.332,107.378,100.650,121.132,94.949,142.961,116.122,75.358,117.904,94.601,65.121,99.347,114.674,100.803,108.437,85.934
AWR0-10_u30,ONDJFM,3.978,25.700,45.995,23.610,52.011,40.542,39.908,16.105,55.996,48.479,34.318,40.368,61.019,60.776,16.873,24.455,43.500,27.652,16.237,41.892,64.214,73.076,26.348,23.527,36.197,27.495,35.900,36.529,37.958,12.372
AWR0-10_u30,NDJF,0.048,9.580,18.853,7.673,18.432,5.392,24.328,10.621,37.853,19.424,10.887,15.638,33.581,17.258,7.258,1.003,26.549,6.815,4.776,15.265,37.787,37.415,4.614,10.430,18.394,17.806,17.287,11.066,22.634,2.567
AWR0-40_u30,year,149.266,136.279,176.854,175.880,179.086,190.723,128.734,134.127,139.371,195.638,100.102,182.931,179.997,150.475,140.653,131.210,126.945,139.677,141.828,211.635,191.772,101.897,124.931,148.748,65.201,130.540,129.438,134.448,115.970,90.565
AWR0-40_u30,MAMJJASO,141.411,122.215,156.907,153.972,174.518,157.964,123.220,133.372,130.975,176.285,99.370,162.314,146.958,146.194,137.547,120.683,125.988,139.091,124.004,169.189,155.218,99.603,124.931,129.676,60.269,117.398,126.237,121.468,115.376,90.556
AWR0-40_u30,AMJJAS,117.479,104.783,122.982,123.332,143.722,134.229,117.646,113.971,118.512,129.883,91.703,117.918,122.014,124.777,109.188,116.982,108.952,137.260,104.356,148.042,126.757,91.725,117.875,112.331,58.618,110.938,112.617,111.840,112.131,88.535
AWR0-40_u30,ONDJFM,0.182,31.706,47.063,38.441,52.491,35.191,57.013,10.578,28.495,34.351,44.169,28.170,64.685,51.910,13.300,30.231,16.598,16.707,1.893,42.231,71.045,62.296,2.979,5.082,35.567,6.546,27.128,15.687,16.256,3.798
AWR0-40_u30,NDJF,0.000,7.917,15.588,18.599,21.671,4.576,33.243,5.039,6.212,4.026,18.250,5.483,35.450,13.959,3.778,3.106,10.614,0.888,0.589,17.956,49.892,31.174,0.072,0.002,19.106,4.896,16.033,0.350,12.980,0.554
